Date,Open,High,Low,Close,Volume
2022-12-01,202.3699951171875,208.6999969482422,202.1199951171875,206.92999267578125,1649500
2022-12-02,200.8999938964844,204.05999755859372,200.19000244140625,201.1100006103516,1323500
2022-12-05,198.77999877929688,199.47000122070312,195.2700042724609,198.38999938964844,1547000
2022-12-06,197.3300018310547,197.7899932861328,191.80999755859372,194.6100006103516,1132300
2022-12-07,194.6100006103516,196.8699951171875,191.8300018310547,193.33999633789065,1281400
2022-12-08,194.27999877929688,197.8999938964844,192.6999969482422,196.6300048828125,1370100
2022-12-09,195.7700042724609,197.2700042724609,193.83999633789065,194.30999755859372,1031000
2022-12-12,193.2700042724609,199.97999572753903,193.13999938964844,199.8800048828125,1344400
2022-12-13,210.8800048828125,211.8300018310547,201.4900054931641,203.0200042724609,1535400
2022-12-14,203.41000366210935,206.7700042724609,199.0500030517578,200.05999755859372,1404500
2022-12-15,195.8000030517578,197.5,192.22000122070312,194.1100006103516,1808200
2022-12-16,192.72999572753903,195.1199951171875,189.83999633789065,192.3999938964844,2292800
2022-12-19,192.72000122070312,192.72000122070312,188.1499938964844,188.5399932861328,1281000
2022-12-20,186.27999877929688,189.77999877929688,185.50999450683597,187.9199981689453,949400
2022-12-21,188.6699981689453,193.3800048828125,186.27999877929688,192.22999572753903,1177300
2022-12-22,189.30999755859372,190.1100006103516,185.8500061035156,188.1000061035156,1998700
2022-12-23,186.3600006103516,188.8000030517578,185.75999450683597,188.16000366210935,941100
2022-12-27,188.07000732421875,188.07000732421875,185.3000030517578,186.2899932861328,914100
2022-12-28,184.4900054931641,187.41000366210935,181.58999633789065,181.8999938964844,1172100
2022-12-29,183.47000122070312,189.27999877929688,182.8500061035156,188.1199951171875,988600
2022-12-30,184.77999877929688,186.94000244140625,183.07000732421875,186.8699951171875,1057500
2023-01-03,190.6199951171875,192.9600067138672,183.0,185.1499938964844,1181600
2023-01-04,187.88999938964844,190.7100067138672,186.0,187.9600067138672,1069600
2023-01-05,186.0500030517578,186.32000732421875,180.3800048828125,182.07000732421875,1488400
2023-01-06,184.22999572753903,188.6000061035156,179.61000061035156,187.19000244140625,1294700
2023-01-09,190.5200042724609,199.08999633789065,190.47999572753903,192.47000122070312,1400800
2023-01-10,190.22999572753903,194.3000030517578,190.22999572753903,193.42999267578125,1126800
2023-01-11,195.3600006103516,200.27999877929688,194.05999755859372,199.92999267578125,1144100
2023-01-12,199.5800018310547,201.8000030517578,197.08999633789065,199.9600067138672,1247100
2023-01-13,197.05999755859372,201.0399932861328,197.05999755859372,200.58999633789065,961000
2023-01-17,200.13999938964844,202.6100006103516,199.4600067138672,200.6999969482422,1194500
2023-01-18,201.3800048828125,205.47000122070312,197.6699981689453,198.0200042724609,1117900
2023-01-19,195.67999267578125,199.25,195.6499938964844,196.0500030517578,987400
2023-01-20,198.2400054931641,206.72999572753903,198.1999969482422,205.8999938964844,1248400
2023-01-23,206.05999755859372,211.6300048828125,205.1000061035156,211.2899932861328,1079300
2023-01-24,209.30999755859372,210.6100006103516,204.83999633789065,206.42999267578125,908400
2023-01-25,202.0,203.80999755859372,198.00999450683597,202.5,1273200
2023-01-26,206.2700042724609,209.2400054931641,205.7700042724609,208.4600067138672,876600
2023-01-27,206.3300018310547,212.5,206.0,210.8800048828125,1284600
2023-01-30,207.07000732421875,210.6000061035156,206.8000030517578,209.1199951171875,1122000
2023-01-31,210.3300018310547,215.5500030517578,208.88999938964844,215.16000366210935,1633300
2023-02-01,213.88999938964844,223.9900054931641,212.97999572753903,222.19000244140625,1313700
2023-02-02,226.42999267578125,232.1499938964844,225.80999755859372,228.22000122070312,1827400
2023-02-03,221.67999267578125,227.4900054931641,221.0,223.66000366210935,1199500
2023-02-06,219.0200042724609,220.52999877929688,216.94000244140625,218.33999633789065,1174800
2023-02-07,217.8500061035156,224.00999450683597,215.67999267578125,223.6499938964844,1021800
2023-02-08,223.8600006103516,225.9499969482422,220.94000244140625,221.32000732421875,1024200
2023-02-09,224.4199981689453,229.42999267578125,222.75999450683597,224.6499938964844,1581900
2023-02-10,220.94000244140625,224.83999633789065,219.83999633789065,222.8000030517578,1096400
2023-02-13,223.3800048828125,225.9600067138672,222.8500061035156,224.0,1021200
2023-02-14,223.3699951171875,229.3300018310547,222.0800018310547,228.0399932861328,1372900
2023-02-15,226.47999572753903,229.32000732421875,225.38999938964844,229.27999877929688,926900
2023-02-16,223.75,225.38999938964844,221.17999267578125,222.1300048828125,825400
2023-02-17,219.38999938964844,221.2400054931641,216.5,219.97999572753903,1194100
2023-02-21,215.72000122070312,218.42999267578125,214.30999755859372,215.5500030517578,1277500
2023-02-22,215.7100067138672,218.4600067138672,215.30999755859372,216.6999969482422,1465000
2023-02-23,218.05999755859372,221.5500030517578,216.1199951171875,221.16000366210935,2070900
2023-02-24,203.19000244140625,205.1100006103516,191.44000244140625,192.52999877929688,4971500
2023-02-27,195.0,200.0,194.0800018310547,196.67999267578125,2251800
2023-02-28,195.1100006103516,201.6699981689453,195.1100006103516,198.69000244140625,1896000
2023-03-01,199.47999572753903,200.1300048828125,195.17999267578125,196.3800048828125,1300100
2023-03-02,195.69000244140625,201.97000122070312,195.52999877929688,201.1300048828125,1523300
2023-03-03,201.75,208.1199951171875,201.75,207.4600067138672,1789900
2023-03-06,208.0,211.1199951171875,206.97000122070312,208.3300018310547,1299100
2023-03-07,209.0,211.50999450683597,205.07000732421875,205.47999572753903,1209800
2023-03-08,205.83999633789065,207.5800018310547,203.07000732421875,204.50999450683597,1012300
2023-03-09,205.7100067138672,208.75,199.8999938964844,200.4900054931641,1439700
2023-03-10,201.1100006103516,201.3699951171875,193.1199951171875,194.0200042724609,1341700
2023-03-13,193.3300018310547,200.3000030517578,191.0399932861328,197.8699951171875,1905500
2023-03-14,200.07000732421875,202.5,196.3500061035156,199.22000122070312,1792500
2023-03-15,196.1699981689453,197.4199981689453,193.16000366210935,195.7899932861328,1857200
2023-03-16,196.17999267578125,202.1499938964844,195.22999572753903,200.58999633789065,1463000
2023-03-17,199.3000030517578,202.7100067138672,196.8999938964844,199.1100006103516,2216100
2023-03-20,200.30999755859372,202.88999938964844,198.2400054931641,200.4199981689453,1577400
2023-03-21,202.0,208.6199951171875,201.5800018310547,207.1499938964844,1785700
2023-03-22,206.44000244140625,207.27999877929688,198.33999633789065,198.3800048828125,1718900
2023-03-23,200.9199981689453,204.6699981689453,199.1100006103516,201.13999938964844,1549700
2023-03-24,201.07000732421875,202.97000122070312,198.16000366210935,200.22000122070312,1403800
2023-03-27,201.5500030517578,202.82000732421875,197.25999450683597,198.75,1580700
2023-03-28,196.75,197.82000732421875,195.1300048828125,197.2700042724609,1463000
2023-03-29,199.6100006103516,199.94000244140625,197.6199951171875,199.16000366210935,1206600
2023-03-30,201.07000732421875,202.82000732421875,200.1199951171875,201.6100006103516,1072900
2023-03-31,202.77999877929688,208.3800048828125,202.00999450683597,208.16000366210935,1871100
2023-04-03,205.08999633789065,207.8600006103516,204.33999633789065,207.5800018310547,1472600
2023-04-04,209.0,210.88999938964844,202.1300048828125,203.32000732421875,1300700
2023-04-05,201.6199951171875,202.3699951171875,195.92999267578125,197.5500030517578,1518000
2023-04-06,196.88999938964844,198.32000732421875,194.6199951171875,197.33999633789065,1174500
2023-04-10,195.0,198.52999877929688,193.2899932861328,198.13999938964844,1075100
2023-04-11,197.38999938964844,198.72999572753903,195.6999969482422,197.77999877929688,993100
2023-04-12,200.82000732421875,201.17999267578125,192.75999450683597,193.16000366210935,1818700
2023-04-13,194.8800048828125,196.92999267578125,194.13999938964844,196.30999755859372,1685500
2023-04-14,195.9600067138672,199.38999938964844,192.8800048828125,194.66000366210935,1478800
2023-04-17,196.63999938964844,200.0800018310547,195.3500061035156,197.08999633789065,1343500
2023-04-18,199.8000030517578,200.82000732421875,196.3500061035156,197.4499969482422,1013200
2023-04-19,195.5500030517578,196.94000244140625,193.6699981689453,196.55999755859372,932200
2023-04-20,194.50999450683597,196.83999633789065,193.7400054931641,194.63999938964844,1194100
2023-04-21,194.41000366210935,195.16000366210935,192.2700042724609,194.08999633789065,891700
2023-04-24,193.80999755859372,196.22999572753903,192.6199951171875,195.83999633789065,999900
2023-04-25,193.82000732421875,194.1499938964844,190.1300048828125,190.2100067138672,1115000
2023-04-26,191.19000244140625,192.3999938964844,189.1999969482422,189.8999938964844,1062100
2023-04-27,192.3500061035156,192.6199951171875,188.3800048828125,190.1100006103516,1513200
2023-04-28,189.4199981689453,194.8999938964844,188.4499969482422,194.7899932861328,1138700
2023-05-01,194.7899932861328,197.30999755859372,193.2700042724609,196.47000122070312,917100
2023-05-02,196.55999755859372,197.02999877929688,191.77999877929688,192.4199981689453,1421700
2023-05-03,193.5800018310547,197.4499969482422,193.3800048828125,193.6999969482422,972500
2023-05-04,194.57000732421875,195.3800048828125,191.7700042724609,193.02999877929688,855900
2023-05-05,193.97999572753903,196.5,192.8999938964844,194.94000244140625,1281200
2023-05-08,193.47000122070312,194.6999969482422,189.5399932861328,191.9900054931641,1045600
2023-05-09,191.52999877929688,194.5200042724609,190.9499969482422,192.72999572753903,959700
2023-05-10,196.0800018310547,197.4600067138672,193.22999572753903,196.32000732421875,1437600
2023-05-11,196.1199951171875,196.82000732421875,192.2899932861328,193.1000061035156,731400
2023-05-12,193.63999938964844,194.8999938964844,192.6699981689453,194.4499969482422,948800
2023-05-15,193.72999572753903,197.00999450683597,191.25999450683597,196.91000366210935,835000
2023-05-16,196.17999267578125,197.4199981689453,193.19000244140625,193.25,1059900
2023-05-17,195.05999755859372,199.08999633789065,193.13999938964844,198.4600067138672,1212700
2023-05-18,198.5,205.0,198.4199981689453,204.83999633789065,1591400
2023-05-19,204.0,204.25,199.25,200.88999938964844,1522200
2023-05-22,201.47999572753903,204.22999572753903,199.6199951171875,203.4900054931641,1058800
2023-05-23,199.2700042724609,201.8300018310547,196.50999450683597,196.63999938964844,1696300
2023-05-24,193.94000244140625,198.0200042724609,192.5,196.75,1757100
2023-05-25,197.83999633789065,199.50999450683597,195.6699981689453,197.55999755859372,2487100
2023-05-26,200.7700042724609,202.5,193.19000244140625,198.8999938964844,2839300
2023-05-30,202.1999969482422,202.8800048828125,192.97999572753903,195.0399932861328,1776300
2023-05-31,195.4600067138672,200.8600006103516,194.82000732421875,199.38999938964844,3895700
2023-06-01,199.2100067138672,205.38999938964844,197.0500030517578,203.3000030517578,1549100
2023-06-02,205.30999755859372,208.47999572753903,203.0,204.2400054931641,1385500
2023-06-05,203.92999267578125,208.91000366210935,202.72000122070312,208.42999267578125,1341300
2023-06-06,209.2400054931641,209.9199981689453,207.17999267578125,208.00999450683597,926800
2023-06-07,208.25,208.47000122070312,200.3300018310547,201.16000366210935,1329700
2023-06-08,201.1300048828125,201.77999877929688,198.41000366210935,200.16000366210935,1043100
2023-06-09,200.6499938964844,203.3500061035156,198.00999450683597,201.38999938964844,1348300
2023-06-12,202.91000366210935,208.2400054931641,202.88999938964844,208.1000061035156,1511100
2023-06-13,208.6199951171875,213.5500030517578,207.3699951171875,213.2899932861328,1799600
2023-06-14,212.8500061035156,214.8999938964844,209.66000366210935,213.5500030517578,1933400
2023-06-15,211.41000366210935,222.1499938964844,211.38999938964844,221.42999267578125,2128100
2023-06-16,223.63999938964844,223.63999938964844,212.3600006103516,213.5,3289000
2023-06-20,211.6300048828125,214.02999877929688,209.2700042724609,211.9900054931641,1730900
2023-06-21,210.0,212.1199951171875,207.69000244140625,207.97999572753903,1711800
2023-06-22,207.0500030517578,207.8500061035156,205.0399932861328,206.6999969482422,1889600
2023-06-23,202.8600006103516,203.19000244140625,200.25,202.0,1538600
2023-06-26,201.13999938964844,204.44000244140625,199.63999938964844,200.77999877929688,1286900
2023-06-27,201.75999450683597,207.25,201.0500030517578,206.8500061035156,1556800
2023-06-28,206.1499938964844,208.3600006103516,203.91000366210935,206.3000030517578,1194400
2023-06-29,207.0200042724609,210.5,205.3600006103516,206.17999267578125,1104300
2023-06-30,207.4199981689453,207.75999450683597,203.75,204.6100006103516,2094800
2023-07-03,203.0,205.19000244140625,202.1100006103516,203.6999969482422,818900
2023-07-05,202.41000366210935,203.97000122070312,200.50999450683597,203.8500061035156,1688600
2023-07-06,200.0,201.19000244140625,197.5200042724609,201.0500030517578,1685700
2023-07-07,200.3999938964844,203.9499969482422,200.3999938964844,201.57000732421875,1176300
2023-07-10,201.0,208.07000732421875,201.0,207.3300018310547,1097400
2023-07-11,207.58999633789065,212.66000366210935,206.8800048828125,212.0500030517578,1183500
2023-07-12,216.6699981689453,218.0200042724609,214.9199981689453,215.32000732421875,1469800
2023-07-13,217.97999572753903,218.83999633789065,216.5200042724609,216.58999633789065,1011800
2023-07-14,215.9499969482422,216.07000732421875,210.5,214.13999938964844,1189400
2023-07-17,213.4900054931641,216.1199951171875,212.6999969482422,213.72999572753903,1428400
2023-07-18,212.57000732421875,217.9199981689453,212.41000366210935,217.2400054931641,1754800
2023-07-19,217.97000122070312,222.6300048828125,216.83999633789065,219.07000732421875,1869400
2023-07-20,217.13999938964844,218.52999877929688,210.66000366210935,210.97000122070312,1163300
2023-07-21,213.1100006103516,214.91000366210935,209.25,209.8999938964844,4587600
2023-07-24,210.82000732421875,212.1999969482422,207.5800018310547,210.52999877929688,1508100
2023-07-25,211.0,212.63999938964844,210.5,210.75999450683597,850400
2023-07-26,208.6300048828125,213.67999267578125,208.22999572753903,212.75,1095000
2023-07-27,216.0,220.25,208.4499969482422,209.4600067138672,1901900
2023-07-28,213.0200042724609,215.2899932861328,208.32000732421875,209.7899932861328,1479500
2023-07-31,210.8300018310547,212.17999267578125,209.1199951171875,211.9900054931641,1302000
2023-08-01,211.1699981689453,213.25,209.0,212.4499969482422,757200
2023-08-02,209.4499969482422,209.8300018310547,203.67999267578125,206.77999877929688,1386700
2023-08-03,203.97000122070312,206.0500030517578,202.3300018310547,202.6199951171875,1426800
2023-08-04,204.91000366210935,204.91000366210935,200.5399932861328,201.57000732421875,1017600
2023-08-07,202.5200042724609,204.32000732421875,201.5399932861328,203.72000122070312,849300
2023-08-08,200.8999938964844,203.9600067138672,198.8600006103516,203.22999572753903,1227000
2023-08-09,203.6999969482422,206.72000122070312,203.25,204.7700042724609,1949400
2023-08-10,208.3300018310547,210.8600006103516,206.08999633789065,208.05999755859372,1660300
2023-08-11,205.75,209.0,205.6000061035156,207.9600067138672,1167900
2023-08-14,206.88999938964844,211.92999267578125,206.88999938964844,211.47999572753903,1096400
2023-08-15,209.91000366210935,211.7899932861328,208.80999755859372,209.52999877929688,1289700
2023-08-16,208.83999633789065,210.0399932861328,203.57000732421875,203.6499938964844,1517300
2023-08-17,203.9600067138672,204.1000061035156,198.4600067138672,198.6999969482422,1526100
2023-08-18,196.5,200.52999877929688,195.2899932861328,199.67999267578125,975700
2023-08-21,200.3999938964844,202.9199981689453,199.7400054931641,202.0200042724609,951300
2023-08-22,202.33999633789065,202.80999755859372,200.0,200.5800018310547,1041400
2023-08-23,202.25,205.80999755859372,201.97000122070312,204.3600006103516,1697500
2023-08-24,215.5,216.75,208.13999938964844,208.6000061035156,2648100
2023-08-25,209.8500061035156,216.8000030517578,209.4900054931641,215.9199981689453,1933700
2023-08-28,217.22999572753903,218.41000366210935,216.0800018310547,217.08999633789065,1098000
2023-08-29,217.0,219.57000732421875,215.6999969482422,219.3999938964844,1151900
2023-08-30,219.3999938964844,223.4499969482422,218.47999572753903,221.5500030517578,1331100
2023-08-31,221.7400054931641,224.25999450683597,220.88999938964844,221.94000244140625,1729100
2023-09-01,224.07000732421875,224.1300048828125,218.4499969482422,220.0200042724609,1160700
2023-09-05,218.08999633789065,220.7899932861328,216.58999633789065,219.4600067138672,1189800
2023-09-06,219.0800018310547,222.69000244140625,218.1499938964844,222.1999969482422,1709700
2023-09-07,221.13999938964844,221.6199951171875,218.17999267578125,221.00999450683597,1288200
2023-09-08,220.55999755859372,221.9199981689453,217.8600006103516,219.19000244140625,1002200
2023-09-11,219.4900054931641,220.42999267578125,217.5,218.7400054931641,838800
2023-09-12,215.1300048828125,217.07000732421875,211.25,211.8000030517578,1574600
2023-09-13,212.1999969482422,213.8300018310547,210.57000732421875,212.25999450683597,1095000
2023-09-14,213.33999633789065,217.1999969482422,211.6000061035156,216.6699981689453,1137200
2023-09-15,216.6699981689453,217.3600006103516,212.80999755859372,213.3500061035156,1944400
2023-09-18,212.44000244140625,214.2100067138672,212.19000244140625,213.5200042724609,880400
2023-09-19,212.1300048828125,212.6000061035156,209.07000732421875,212.05999755859372,1146000
2023-09-20,213.1199951171875,213.42999267578125,207.6100006103516,207.72999572753903,1230300
2023-09-21,206.77999877929688,207.1100006103516,203.1999969482422,204.05999755859372,1425000
2023-09-22,204.5500030517578,206.27999877929688,203.7899932861328,204.0399932861328,1122700
2023-09-25,203.00999450683597,205.6999969482422,202.0,205.6699981689453,1141900
2023-09-26,204.0500030517578,204.5800018310547,200.25999450683597,201.66000366210935,1544400
2023-09-27,202.05999755859372,203.63999938964844,200.08999633789065,202.27999877929688,1065000
2023-09-28,202.27999877929688,208.57000732421875,201.9499969482422,207.88999938964844,1466200
2023-09-29,209.7100067138672,210.9900054931641,206.5800018310547,206.91000366210935,1073900
2023-10-02,206.05999755859372,209.4199981689453,205.5399932861328,208.9900054931641,855100
2023-10-03,207.88999938964844,209.0500030517578,201.2100067138672,203.27999877929688,1103100
2023-10-04,204.27999877929688,207.6199951171875,204.0500030517578,207.05999755859372,892700
2023-10-05,206.22999572753903,206.4600067138672,200.41000366210935,203.9600067138672,958600
2023-10-06,202.0800018310547,211.27999877929688,201.3300018310547,210.0399932861328,1238100
2023-10-09,208.1000061035156,211.0500030517578,206.6100006103516,210.55999755859372,766000
2023-10-10,211.1499938964844,214.91000366210935,210.0,212.47000122070312,914200
2023-10-11,214.1000061035156,215.17999267578125,211.6300048828125,213.1999969482422,965500
2023-10-12,213.8300018310547,215.0,211.1199951171875,212.7700042724609,1207100
2023-10-13,212.8300018310547,213.75,208.6300048828125,209.47000122070312,1313900
2023-10-16,211.0200042724609,213.97000122070312,210.1000061035156,211.77999877929688,786400
2023-10-17,209.32000732421875,215.44000244140625,208.22999572753903,213.9900054931641,1004200
2023-10-18,211.3500061035156,212.08999633789065,209.07000732421875,209.63999938964844,1307500
2023-10-19,210.3300018310547,210.92999267578125,205.1999969482422,206.07000732421875,1383500
2023-10-20,206.25,206.72000122070312,201.33999633789065,202.69000244140625,1060600
2023-10-23,201.6199951171875,203.1699981689453,198.82000732421875,199.72000122070312,1012500
2023-10-24,201.82000732421875,205.7100067138672,201.47000122070312,205.0399932861328,998700
2023-10-25,203.1499938964844,204.41000366210935,199.82000732421875,200.2100067138672,1155800
2023-10-26,201.0,202.4199981689453,192.9199981689453,196.1199951171875,1944200
2023-10-27,196.25,197.1100006103516,192.8800048828125,195.1499938964844,1157400
2023-10-30,196.0800018310547,198.6699981689453,194.6199951171875,197.7899932861328,1084400
2023-10-31,198.2899932861328,198.6300048828125,195.32000732421875,197.6300048828125,1057700
2023-11-01,198.1199951171875,199.4600067138672,195.94000244140625,198.92999267578125,1066700
2023-11-02,199.50999450683597,200.27999877929688,192.00999450683597,199.2400054931641,1940000
2023-11-03,200.7400054931641,205.3500061035156,200.27999877929688,203.97999572753903,1354500
2023-11-06,203.1699981689453,203.3300018310547,199.83999633789065,201.9900054931641,1005500
2023-11-07,204.0200042724609,206.75,202.7899932861328,205.30999755859372,910200
2023-11-08,206.16000366210935,207.9199981689453,205.3600006103516,206.92999267578125,745300
2023-11-09,208.0200042724609,208.8800048828125,204.3999938964844,204.67999267578125,844800
2023-11-10,205.25999450683597,211.0500030517578,203.72000122070312,210.5800018310547,1013800
2023-11-13,209.25999450683597,211.97000122070312,208.4199981689453,210.1000061035156,1055700
2023-11-14,214.5399932861328,218.07000732421875,213.97000122070312,217.3600006103516,1155500
2023-11-15,217.2100067138672,218.25999450683597,215.5200042724609,216.1100006103516,1031500
2023-11-16,216.1000061035156,217.5,213.88999938964844,215.0200042724609,1130400
2023-11-17,215.3000030517578,217.5399932861328,214.3300018310547,217.3300018310547,1131100
2023-11-20,217.4900054931641,221.97000122070312,217.17999267578125,219.6999969482422,1522200
2023-11-21,219.0,221.9900054931641,216.6300048828125,217.6699981689453,2109800
2023-11-22,201.25,208.5500030517578,200.0500030517578,202.66000366210935,4286500
2023-11-24,202.66000366210935,203.57000732421875,201.1100006103516,203.4199981689453,912500
2023-11-27,202.2100067138672,203.0200042724609,200.8500061035156,202.25999450683597,1441400
2023-11-28,201.8000030517578,207.6499938964844,201.8000030517578,207.3699951171875,1573200
2023-11-29,210.02999877929688,217.38999938964844,210.02999877929688,213.8500061035156,2799400
2023-11-30,215.22000122070312,218.77999877929688,212.6999969482422,218.42999267578125,3073700
2023-12-01,218.2700042724609,225.25999450683597,217.0,224.92999267578125,1976900
2023-12-04,222.94000244140625,224.27999877929688,217.9600067138672,221.30999755859372,1747000
2023-12-05,220.00999450683597,220.83999633789065,216.7899932861328,220.4499969482422,1386500
2023-12-06,221.7100067138672,221.97000122070312,218.5800018310547,219.5500030517578,1463000
2023-12-07,220.0,224.4600067138672,219.0500030517578,223.83999633789065,1330400
2023-12-08,222.07000732421875,225.30999755859372,221.8999938964844,224.00999450683597,1073600
2023-12-11,224.50999450683597,228.27999877929688,224.50999450683597,226.08999633789065,1487000
2023-12-12,224.8300018310547,228.9499969482422,224.25,227.94000244140625,1369300
2023-12-13,228.9900054931641,235.0,227.8999938964844,234.91000366210935,2051500
2023-12-14,235.3600006103516,242.63999938964844,235.25999450683597,240.80999755859372,3303500
2023-12-15,241.3500061035156,243.1699981689453,238.88999938964844,242.2899932861328,3179500
2023-12-18,240.7899932861328,242.47000122070312,236.3500061035156,239.13999938964844,1764800
2023-12-19,239.6499938964844,240.8000030517578,237.75,238.16000366210935,1528600
2023-12-20,237.3300018310547,241.55999755859372,235.72000122070312,236.7100067138672,1353500
2023-12-21,240.6499938964844,242.6499938964844,239.05999755859372,241.88999938964844,1024300
2023-12-22,243.7400054931641,244.02999877929688,240.30999755859372,242.75999450683597,719400
2023-12-26,242.4900054931641,245.3600006103516,241.9600067138672,245.07000732421875,595000
2023-12-27,245.3600006103516,245.8800048828125,244.3800048828125,245.1100006103516,771900
2023-12-28,245.6300048828125,245.8500061035156,244.0200042724609,244.91000366210935,537200
2023-12-29,243.72000122070312,245.3999938964844,242.7899932861328,243.47999572753903,721400
2024-01-02,240.7899932861328,241.1999969482422,232.22000122070312,234.1199951171875,1443500
2024-01-03,231.7100067138672,231.7100067138672,227.0399932861328,227.19000244140625,1278800
2024-01-04,227.19000244140625,229.57000732421875,225.4499969482422,228.9199981689453,1552800
2024-01-05,228.7700042724609,231.8600006103516,228.41000366210935,229.5200042724609,1138100
2024-01-08,231.0,235.9499969482422,230.77999877929688,235.4499969482422,1447500
2024-01-09,233.5,236.67999267578125,232.6300048828125,235.9600067138672,878500
2024-01-10,236.19000244140625,239.17999267578125,235.7700042724609,238.82000732421875,964900
2024-01-11,239.52999877929688,241.0200042724609,237.33999633789065,240.6499938964844,1035400
2024-01-12,242.47000122070312,243.33999633789065,239.8300018310547,242.44000244140625,1012600
2024-01-16,240.27999877929688,242.67999267578125,240.1300048828125,241.5,1364800
2024-01-17,239.66000366210935,240.44000244140625,235.9600067138672,238.47000122070312,1330400
2024-01-18,238.3500061035156,241.94000244140625,237.8500061035156,241.17999267578125,1042600
2024-01-19,242.3699951171875,249.0500030517578,241.72999572753903,248.63999938964844,1205600
2024-01-22,250.0,252.80999755859372,249.80999755859372,250.7899932861328,1441000
2024-01-23,251.17999267578125,253.2400054931641,249.30999755859372,252.77999877929688,1030000
2024-01-24,255.0,256.4800109863281,252.5,252.66000366210935,1174500
2024-01-25,255.6199951171875,255.8000030517578,250.52999877929688,251.75,1116100
2024-01-26,252.3999938964844,254.2899932861328,250.8600006103516,253.07000732421875,940200
2024-01-29,253.0500030517578,257.6300048828125,252.69000244140625,257.2300109863281,937300
2024-01-30,255.6300048828125,257.5599975585937,255.0399932861328,256.4700012207031,1204400
2024-01-31,255.0200042724609,256.92999267578125,251.72999572753903,253.80999755859372,2017200
2024-02-01,253.47999572753903,255.7700042724609,251.3699951171875,255.07000732421875,1214100
2024-02-02,254.5,259.25,254.0500030517578,256.45001220703125,1592900
2024-02-05,255.83999633789065,256.4200134277344,251.7400054931641,252.80999755859372,1336000
2024-02-06,254.07000732421875,254.91000366210935,252.6999969482422,253.97999572753903,865200
2024-02-07,256.8099975585937,261.0,255.19000244140625,258.42999267578125,1125200
2024-02-08,258.0799865722656,262.9200134277344,258.0199890136719,261.510009765625,771100
2024-02-09,262.8500061035156,269.5299987792969,262.8500061035156,266.67999267578125,1828600
2024-02-12,265.9100036621094,267.3099975585937,261.510009765625,262.0400085449219,1055300
2024-02-13,254.13999938964844,258.7300109863281,252.75,256.760009765625,1341600
2024-02-14,259.4100036621094,263.0299987792969,259.1300048828125,262.1700134277344,925500
2024-02-15,264.739990234375,264.94000244140625,259.5899963378906,261.25,724500
2024-02-16,261.0,261.44000244140625,257.20001220703125,258.29998779296875,1369400
2024-02-20,256.3299865722656,256.70001220703125,251.66000366210935,255.25999450683597,1277500
2024-02-21,252.0,252.67999267578125,249.1300048828125,252.5200042724609,742300
2024-02-22,258.6499938964844,260.3299865722656,255.7700042724609,256.9800109863281,1077900
2024-02-23,259.25,260.0,256.8500061035156,257.20001220703125,821500
2024-02-26,257.8399963378906,259.1400146484375,256.1400146484375,257.3500061035156,987800
2024-02-27,258.5,258.6000061035156,255.9600067138672,256.95001220703125,951000
2024-02-28,254.8000030517578,258.8399963378906,254.66000366210935,255.25,1703000
2024-02-29,256.3500061035156,258.989990234375,255.0,258.1700134277344,3331700
2024-03-01,275.0,279.5299987792969,258.6000061035156,264.739990234375,3852700
2024-03-04,263.010009765625,263.8500061035156,259.6600036621094,260.70001220703125,1945000
2024-03-05,257.3500061035156,257.510009765625,246.1699981689453,247.2899932861328,1850300
2024-03-06,248.1499938964844,252.22999572753903,248.1499938964844,251.1000061035156,1008100
2024-03-07,252.88999938964844,256.0899963378906,250.88999938964844,253.83999633789065,1380900
2024-03-08,253.7700042724609,256.0299987792969,251.69000244140625,251.8600006103516,881500
2024-03-11,252.30999755859372,259.1099853515625,251.3800048828125,258.260009765625,1469200
2024-03-12,258.8500061035156,264.0899963378906,258.3900146484375,262.7799987792969,1437900
2024-03-13,262.9100036621094,264.0799865722656,258.510009765625,258.70001220703125,1134300
2024-03-14,258.5599975585937,259.4700012207031,254.3800048828125,258.5299987792969,1227700
2024-03-15,256.6600036621094,258.0400085449219,253.1300048828125,254.2400054931641,3010900
2024-03-18,256.17999267578125,259.4800109863281,254.8999938964844,255.17999267578125,906300
2024-03-19,253.0500030517578,257.239990234375,251.3699951171875,256.19000244140625,857600
2024-03-20,257.3500061035156,262.8299865722656,256.7300109863281,262.42999267578125,1259900
2024-03-21,265.0,268.8999938964844,263.8999938964844,265.75,1693300
2024-03-22,265.1099853515625,267.0400085449219,262.7300109863281,262.8599853515625,893000
2024-03-25,260.5899963378906,262.82000732421875,258.3299865722656,261.57000732421875,1076600
2024-03-26,262.0199890136719,264.6300048828125,261.510009765625,261.6700134277344,939800
2024-03-27,260.5899963378906,262.29998779296875,258.0299987792969,260.9700012207031,992300
2024-03-28,261.3099975585937,262.95001220703125,259.739990234375,260.4200134277344,896000
2024-04-01,259.8999938964844,260.75,256.3900146484375,259.44000244140625,791600
2024-04-02,249.5500030517578,252.75999450683597,247.19000244140625,248.7100067138672,1692000
2024-04-03,247.58999633789065,250.8500061035156,245.5,246.3800048828125,1326000
2024-04-04,248.5399932861328,252.67999267578125,243.72999572753903,244.80999755859372,1437600
2024-04-05,246.0,248.27999877929688,244.07000732421875,244.7400054931641,1330000
2024-04-08,244.75999450683597,247.1499938964844,244.38999938964844,245.88999938964844,1273500
2024-04-09,246.8600006103516,248.4499969482422,244.6000061035156,247.92999267578125,840600
2024-04-10,243.58999633789065,244.1999969482422,238.1000061035156,239.00999450683597,1284900
2024-04-11,239.05999755859372,242.55999755859372,237.5399932861328,241.05999755859372,1171300
2024-04-12,236.5800018310547,238.0,234.0500030517578,236.97999572753903,1617000
2024-04-15,239.9499969482422,239.9499969482422,228.91000366210935,229.6199951171875,1385700
2024-04-16,230.3999938964844,230.42999267578125,227.57000732421875,228.2400054931641,2120200
2024-04-17,212.7700042724609,219.5,207.42999267578125,214.9199981689453,6357400
2024-04-18,214.55999755859372,214.75999450683597,206.22999572753903,210.6300048828125,4608900
2024-04-19,211.5500030517578,216.83999633789065,210.1999969482422,216.5,3157500
2024-04-22,218.6999969482422,219.2700042724609,214.3300018310547,217.1300048828125,1776400
2024-04-23,217.1300048828125,219.3500061035156,217.1300048828125,217.92999267578125,1504600
2024-04-24,217.3500061035156,218.6199951171875,214.1499938964844,215.0,2628200
2024-04-25,214.3300018310547,216.8000030517578,213.5399932861328,216.3999938964844,2211400
2024-04-26,215.7700042724609,219.3600006103516,215.5,217.92999267578125,1277900
2024-04-29,218.3800048828125,219.08999633789065,214.4900054931641,216.77999877929688,1437000
2024-04-30,216.4499969482422,217.63999938964844,212.75,212.8500061035156,1427500
2024-05-01,211.0,216.0,209.0800018310547,210.7100067138672,1687700
2024-05-02,211.8500061035156,212.3999938964844,208.8000030517578,209.9499969482422,1589200
2024-05-03,214.3699951171875,217.3500061035156,214.13999938964844,215.19000244140625,1197100
2024-05-06,215.5200042724609,217.1999969482422,214.4900054931641,216.6999969482422,1343800
2024-05-07,216.3800048828125,216.7400054931641,213.4499969482422,214.6199951171875,1860000
2024-05-08,213.75,214.67999267578125,213.0,213.9499969482422,1189700
2024-05-09,214.8000030517578,218.72999572753903,213.66000366210935,218.6300048828125,1487000
2024-05-10,219.42999267578125,220.72999572753903,216.6100006103516,217.7700042724609,1032800
2024-05-13,219.7899932861328,219.97999572753903,216.1300048828125,216.6499938964844,1465600
2024-05-14,215.75999450683597,217.05999755859372,214.7400054931641,215.8300018310547,1883300
2024-05-15,219.1300048828125,221.6499938964844,217.72000122070312,220.2400054931641,1251000
2024-05-16,219.9499969482422,221.25999450683597,218.42999267578125,220.42999267578125,1405400
2024-05-17,220.88999938964844,221.30999755859372,219.2100067138672,221.2100067138672,1568000
2024-05-20,221.3999938964844,221.97999572753903,219.83999633789065,221.3999938964844,1046100
2024-05-21,219.3500061035156,220.6000061035156,218.0,220.27999877929688,898300
2024-05-22,220.50999450683597,221.8300018310547,219.4600067138672,219.9600067138672,1214300
2024-05-23,221.07000732421875,221.1999969482422,214.5200042724609,215.16000366210935,1759100
2024-05-24,212.3000030517578,216.5200042724609,209.0,214.88999938964844,1496700
2024-05-28,213.6300048828125,213.6300048828125,209.75,210.4499969482422,1845300
2024-05-29,207.66000366210935,210.1199951171875,206.72000122070312,208.50999450683597,2968800
2024-05-30,207.1000061035156,207.1000061035156,199.5500030517578,199.92999267578125,4026500
2024-05-31,199.1699981689453,201.82000732421875,195.32000732421875,201.6000061035156,4174800
2024-06-03,219.58999633789065,222.2100067138672,208.33999633789065,210.82000732421875,8149000
2024-06-04,211.0,214.07000732421875,208.83999633789065,212.0,3179100
2024-06-05,213.69000244140625,218.2700042724609,212.97999572753903,216.27999877929688,2465800
2024-06-06,216.9900054931641,219.3800048828125,215.1100006103516,215.8699951171875,2064800
2024-06-07,215.94000244140625,216.72000122070312,215.08999633789065,216.0500030517578,2411200
2024-06-10,213.69000244140625,218.63999938964844,213.69000244140625,218.1999969482422,1901600
2024-06-11,211.0,215.2899932861328,205.8600006103516,211.5,3714900
2024-06-12,219.44000244140625,223.2899932861328,214.50999450683597,223.0200042724609,4046800
2024-06-13,221.7899932861328,224.52999877929688,221.0399932861328,223.1000061035156,2520200
2024-06-14,224.38999938964844,227.0800018310547,222.3699951171875,225.8699951171875,2563000
2024-06-17,235.0,242.82000732421875,230.6000061035156,240.50999450683597,5019800
2024-06-18,240.50999450683597,245.7400054931641,240.50999450683597,244.1199951171875,3377000
2024-06-20,243.55999755859372,244.6100006103516,240.8999938964844,243.50999450683597,2763200
2024-06-21,244.3000030517578,244.32000732421875,237.6499938964844,242.30999755859372,5677300
2024-06-24,239.6699981689453,241.83999633789065,239.0,239.1699981689453,2799000
2024-06-25,240.88999938964844,243.07000732421875,240.1199951171875,242.52999877929688,2760600
2024-06-26,240.4900054931641,245.3500061035156,240.4900054931641,243.27999877929688,1717500
2024-06-27,243.4499969482422,246.5500030517578,242.3999938964844,243.67999267578125,1239400
2024-06-28,243.0399932861328,248.1999969482422,243.0399932861328,247.4499969482422,2851200
2024-07-01,248.6199951171875,249.0,242.27999877929688,245.8300018310547,1172600
2024-07-02,245.83999633789065,248.9499969482422,245.7700042724609,247.8600006103516,1062700
2024-07-03,248.1699981689453,248.30999755859372,245.47999572753903,246.3000030517578,907900
2024-07-05,246.2700042724609,248.7100067138672,245.7700042724609,247.8699951171875,1344700
2024-07-08,246.1000061035156,249.3300018310547,245.3999938964844,247.9600067138672,1230200
2024-07-09,243.1699981689453,245.9900054931641,241.17999267578125,243.9600067138672,1708600
2024-07-10,243.67999267578125,247.3300018310547,241.4199981689453,247.0500030517578,1666300
2024-07-11,247.82000732421875,252.6300048828125,247.82000732421875,248.7700042724609,1267800
2024-07-12,249.1199951171875,255.5500030517578,248.6300048828125,253.4499969482422,1130300
2024-07-15,253.3300018310547,255.47000122070312,252.1100006103516,253.1699981689453,870300
2024-07-16,254.8000030517578,256.04998779296875,252.33999633789065,253.82000732421875,835900
2024-07-17,248.5,253.0,248.0800018310547,250.17999267578125,1239600
2024-07-18,249.67999267578125,249.67999267578125,240.63999938964844,242.80999755859372,1399100
2024-07-19,242.9499969482422,243.5399932861328,239.6199951171875,242.4499969482422,1120500
2024-07-22,245.47999572753903,245.7899932861328,242.8999938964844,245.25999450683597,712500
2024-07-23,244.9600067138672,247.30999755859372,244.6300048828125,246.22999572753903,693900
2024-07-24,244.58999633789065,245.22999572753903,239.00999450683597,239.4499969482422,1510700
2024-07-25,240.1699981689453,245.6499938964844,239.66000366210935,242.22999572753903,1680300
2024-07-26,243.8000030517578,245.33999633789065,239.9900054931641,240.8600006103516,1267100
2024-07-29,242.5500030517578,244.02999877929688,240.3500061035156,242.5800018310547,723500
2024-07-30,244.19000244140625,245.6300048828125,240.05999755859372,243.33999633789065,1141900
2024-07-31,246.3999938964844,250.75,243.5399932861328,247.5200042724609,1288900
2024-08-01,247.08999633789065,248.6100006103516,238.57000732421875,241.77999877929688,1299600
2024-08-02,236.6699981689453,238.0,230.6499938964844,231.3699951171875,2812400
2024-08-05,226.6999969482422,228.25,223.02999877929688,225.72000122070312,2341100
2024-08-06,230.44000244140625,236.4900054931641,229.32000732421875,234.22999572753903,2183700
2024-08-07,236.55999755859372,240.02999877929688,232.3600006103516,232.57000732421875,875700
2024-08-08,236.1699981689453,239.3999938964844,233.42999267578125,239.2899932861328,911300
2024-08-09,238.16000366210935,242.27999877929688,237.83999633789065,240.44000244140625,876400
2024-08-12,240.1699981689453,241.75,238.00999450683597,239.57000732421875,1000100
2024-08-13,242.1000061035156,245.58999633789065,241.6000061035156,244.6100006103516,1088000
2024-08-14,244.6100006103516,246.94000244140625,243.7899932861328,246.22000122070312,790800
2024-08-15,248.17999267578125,250.5,247.22000122070312,250.2100067138672,933900
2024-08-16,248.38999938964844,249.27999877929688,246.3300018310547,248.22999572753903,1075400
2024-08-19,248.5,251.44000244140625,248.0,251.1100006103516,1050200
2024-08-20,250.7700042724609,251.88999938964844,249.77999877929688,250.1300048828125,871200
2024-08-21,250.30999755859372,252.92999267578125,250.00999450683597,252.05999755859372,1055900
2024-08-22,253.0,253.22000122070312,249.5800018310547,249.91000366210935,796900
2024-08-23,254.32000732421875,255.7899932861328,251.8500061035156,255.25999450683597,1413900
2024-08-26,256.92999267578125,258.82000732421875,255.82000732421875,256.2099914550781,979700
2024-08-27,256.0,258.489990234375,255.50999450683597,256.989990234375,1059100
2024-08-28,256.010009765625,256.9800109863281,252.5800018310547,254.6199951171875,1220800
2024-08-29,257.2200012207031,261.82000732421875,256.6199951171875,258.2300109863281,2225500
2024-08-30,270.0,275.67999267578125,258.0299987792969,258.3999938964844,4054800
2024-09-03,261.7699890136719,267.8299865722656,256.8299865722656,257.8299865722656,2026700
2024-09-04,256.5599975585937,259.4200134277344,255.3699951171875,255.7899932861328,1472500
2024-09-05,257.0199890136719,257.0199890136719,249.8600006103516,251.7700042724609,2392700
2024-09-06,252.6999969482422,255.0,249.6100006103516,250.3699951171875,1487900
2024-09-09,251.6199951171875,256.04998779296875,251.5500030517578,255.6699981689453,1497300
2024-09-10,256.17999267578125,257.8500061035156,252.22999572753903,257.6099853515625,1895800
2024-09-11,255.6300048828125,259.6700134277344,251.94000244140625,258.9800109863281,2148200
2024-09-12,259.1300048828125,260.6300048828125,256.6099853515625,259.4700012207031,1216700
2024-09-13,260.5899963378906,264.54998779296875,260.0,263.9599914550781,1468600
2024-09-16,265.5,269.0,265.0,267.7300109863281,1410400
2024-09-17,268.0899963378906,270.25,266.489990234375,266.8900146484375,949800
2024-09-18,267.9700012207031,267.9700012207031,263.57000732421875,264.2099914550781,1155800
2024-09-19,270.25,272.3399963378906,267.7900085449219,269.760009765625,1911500
2024-09-20,270.5799865722656,272.7200012207031,266.5,267.2900085449219,2551400
2024-09-23,269.2300109863281,269.3800048828125,266.9200134277344,268.4599914550781,2070500
2024-09-24,267.94000244140625,270.1199951171875,266.6199951171875,269.6499938964844,1189000
2024-09-25,268.95001220703125,270.739990234375,267.57000732421875,268.0,1174500
2024-09-26,271.1300048828125,273.489990234375,269.7300109863281,273.3599853515625,1108000
2024-09-27,273.3599853515625,274.5,271.0,271.8999938964844,614900
2024-09-30,274.8399963378906,275.8500061035156,272.0599975585937,275.4800109863281,1109600
2024-10-01,274.6099853515625,275.0,266.54998779296875,267.4700012207031,1043900
2024-10-02,267.9200134277344,271.989990234375,267.44000244140625,270.1700134277344,827200
2024-10-03,267.54998779296875,270.57000732421875,267.54998779296875,268.5899963378906,740000
2024-10-04,272.8599853515625,273.8500061035156,267.489990234375,271.1600036621094,846400
2024-10-07,268.32000732421875,270.239990234375,266.0199890136719,267.2300109863281,757300
2024-10-08,268.19000244140625,276.260009765625,267.510009765625,275.0799865722656,1413000
2024-10-09,274.92999267578125,277.6600036621094,274.0799865722656,276.8800048828125,782100
2024-10-10,275.0,277.9100036621094,275.0,277.7099914550781,849100
2024-10-11,277.489990234375,282.5400085449219,277.4800109863281,281.6700134277344,1332300
2024-10-14,283.1499938964844,286.42999267578125,281.25,285.3099975585937,1263900
2024-10-15,285.3099975585937,287.9599914550781,285.2900085449219,286.4800109863281,1602400
2024-10-16,288.17999267578125,289.3599853515625,284.8999938964844,289.19000244140625,1364300
2024-10-17,290.44000244140625,292.8800048828125,289.1300048828125,290.57000732421875,1808600
2024-10-18,290.57000732421875,294.1300048828125,290.0,292.989990234375,1511700
2024-10-21,291.3599853515625,293.75,288.79998779296875,289.7799987792969,1254400
2024-10-22,287.5400085449219,290.5199890136719,286.25,288.4800109863281,1012600
2024-10-23,287.1199951171875,287.5799865722656,283.92999267578125,286.29998779296875,1209000
2024-10-24,288.54998779296875,289.1700134277344,285.510009765625,285.7699890136719,1238300
2024-10-25,287.7200012207031,289.0,285.0400085449219,286.0400085449219,973400
2024-10-28,286.3399963378906,288.6400146484375,286.3399963378906,286.5199890136719,1016500
2024-10-29,286.32000732421875,290.20001220703125,284.489990234375,289.6600036621094,886800
2024-10-30,288.17999267578125,291.2099914550781,287.92999267578125,288.82000732421875,751600
2024-10-31,287.79998779296875,288.4700012207031,283.4200134277344,283.79998779296875,1488000
2024-11-01,282.8299865722656,289.260009765625,281.6099853515625,286.57000732421875,1047800
2024-11-04,287.19000244140625,289.760009765625,285.32000732421875,287.6199951171875,896300
2024-11-05,288.8399963378906,293.0599975585937,287.0,291.7900085449219,1009200
2024-11-06,299.0,305.489990234375,297.9100036621094,302.3299865722656,2258100
2024-11-07,302.95001220703125,306.2300109863281,301.04998779296875,305.510009765625,1057200
2024-11-08,306.260009765625,307.1700134277344,305.0199890136719,305.5599975585937,968600
2024-11-11,305.4599914550781,314.70001220703125,304.6400146484375,313.8900146484375,1556800
2024-11-12,311.2200012207031,314.010009765625,304.75,309.7300109863281,1748800
2024-11-13,308.6300048828125,315.7300109863281,307.9100036621094,313.1400146484375,1273500
2024-11-14,310.2300109863281,312.8800048828125,305.9800109863281,306.6499938964844,1545600
2024-11-15,305.0599975585937,305.0799865722656,297.1199951171875,299.1499938964844,2300200
2024-11-18,299.3599853515625,303.010009765625,297.0,302.04998779296875,920100
2024-11-19,298.1300048828125,306.3999938964844,298.0199890136719,305.20001220703125,1348200
2024-11-20,305.92999267578125,308.3800048828125,303.1499938964844,307.8399963378906,1441900
2024-11-21,310.0,317.45001220703125,308.25,315.4100036621094,1602100
2024-11-22,315.9599914550781,321.8999938964844,315.0400085449219,321.2699890136719,1905300
2024-11-25,324.5299987792969,326.6199951171875,318.69000244140625,319.3900146484375,2967000
2024-11-26,320.7900085449219,320.989990234375,316.5400085449219,317.9599914550781,2519900
2024-11-27,293.20001220703125,301.4700012207031,289.6499938964844,290.6400146484375,3442300
2024-11-29,289.0299987792969,292.6199951171875,289.0299987792969,291.8999938964844,1317800
2024-12-02,291.739990234375,297.94000244140625,291.44000244140625,296.6499938964844,2073000
2024-12-03,294.1400146484375,301.5899963378906,293.5,298.9599914550781,1944500
2024-12-04,302.7200012207031,304.9700012207031,299.8900146484375,304.2300109863281,1528700
2024-12-05,302.5299987792969,307.25,301.32000732421875,305.1700134277344,1378800
2024-12-06,305.9200134277344,309.42999267578125,305.5599975585937,307.7099914550781,1377600
2024-12-09,308.0,311.510009765625,305.7200012207031,308.54998779296875,1599900
2024-12-10,306.1600036621094,307.79998779296875,303.6300048828125,303.989990234375,1110000
2024-12-11,305.3699951171875,310.8999938964844,304.760009765625,307.4599914550781,1261700
2024-12-12,305.4200134277344,310.2900085449219,304.489990234375,309.3399963378906,998100
2024-12-13,308.1300048828125,308.3599853515625,302.95001220703125,303.7699890136719,1131000
2024-12-16,303.92999267578125,307.1400146484375,302.3699951171875,304.8900146484375,1186000
2024-12-17,302.6300048828125,303.3999938964844,299.4700012207031,302.82000732421875,1781500
2024-12-18,303.7099914550781,304.07000732421875,291.4700012207031,292.8299865722656,1844800
2024-12-19,293.6499938964844,297.82000732421875,290.94000244140625,293.6300048828125,1381200
2024-12-20,290.70001220703125,299.739990234375,288.5400085449219,298.1199951171875,4190800
2024-12-23,297.989990234375,298.45001220703125,294.3599853515625,297.489990234375,876100
2024-12-24,297.54998779296875,301.2300109863281,296.67999267578125,301.2300109863281,560000
2024-12-26,299.42999267578125,301.7300109863281,299.42999267578125,300.2799987792969,646800
2024-12-27,298.6400146484375,298.8399963378906,294.57000732421875,297.5899963378906,1041600
2024-12-30,292.989990234375,298.9200134277344,291.739990234375,297.5299987792969,1191200
